{
	"partitions" : [
		{
			"name" : "Top",
			"pins" : [
				{
					"name" : "switchSig[0]",
					"strict" : false
				},
				{
					"name" : "switchSig[1]",
					"strict" : false
				},
				{
					"name" : "switchSig[2]",
					"strict" : false
				},
				{
					"name" : "switchSig[3]",
					"strict" : false
				},
				{
					"name" : "switchSig[4]",
					"strict" : false
				},
				{
					"name" : "switchSig[5]",
					"strict" : false
				},
				{
					"name" : "switchSig[6]",
					"strict" : false
				},
				{
					"name" : "switchSig[7]",
					"strict" : false
				},
				{
					"name" : "switchSig[8]",
					"strict" : false
				},
				{
					"name" : "switchSig[9]",
					"strict" : false
				},
				{
					"name" : "posSig[4]",
					"strict" : false
				},
				{
					"name" : "posSig[5]",
					"strict" : false
				},
				{
					"name" : "posSig[6]",
					"strict" : false
				},
				{
					"name" : "posSig[7]",
					"strict" : false
				},
				{
					"name" : "posSig[8]",
					"strict" : false
				},
				{
					"name" : "posSig[10]",
					"strict" : false
				},
				{
					"name" : "dirSig[0]",
					"strict" : false
				},
				{
					"name" : "dirSig[1]",
					"strict" : false
				},
				{
					"name" : "dirSig[2]",
					"strict" : false
				},
				{
					"name" : "dirSig[3]",
					"strict" : false
				},
				{
					"name" : "dirSig[4]",
					"strict" : false
				},
				{
					"name" : "dirSig[5]",
					"strict" : false
				},
				{
					"name" : "dirSig[6]",
					"strict" : false
				},
				{
					"name" : "dirSig[7]",
					"strict" : false
				},
				{
					"name" : "dirSig[8]",
					"strict" : false
				},
				{
					"name" : "dirSig[9]",
					"strict" : false
				},
				{
					"name" : "dirSig[10]",
					"strict" : false
				},
				{
					"name" : "dirSig[11]",
					"strict" : false
				},
				{
					"name" : "dirSig[12]",
					"strict" : false
				},
				{
					"name" : "dirSig[13]",
					"strict" : false
				},
				{
					"name" : "dirSig[14]",
					"strict" : false
				},
				{
					"name" : "dirSig[15]",
					"strict" : false
				},
				{
					"name" : "dirSig[16]",
					"strict" : false
				},
				{
					"name" : "dirSig[17]",
					"strict" : false
				},
				{
					"name" : "dirSig[18]",
					"strict" : false
				},
				{
					"name" : "dirSig[19]",
					"strict" : false
				},
				{
					"name" : "dirSig[20]",
					"strict" : false
				},
				{
					"name" : "dirSig[21]",
					"strict" : false
				},
				{
					"name" : "dirSig[22]",
					"strict" : false
				},
				{
					"name" : "dirSig[23]",
					"strict" : false
				},
				{
					"name" : "dirSig[24]",
					"strict" : false
				},
				{
					"name" : "dirSig[25]",
					"strict" : false
				},
				{
					"name" : "dirSig[26]",
					"strict" : false
				},
				{
					"name" : "dirSig[27]",
					"strict" : false
				},
				{
					"name" : "doorSig[0]",
					"strict" : false
				},
				{
					"name" : "doorSig[1]",
					"strict" : false
				},
				{
					"name" : "doorSig[2]",
					"strict" : false
				},
				{
					"name" : "doorSig[3]",
					"strict" : false
				},
				{
					"name" : "doorSig[4]",
					"strict" : false
				},
				{
					"name" : "doorSig[5]",
					"strict" : false
				},
				{
					"name" : "outButton[0]",
					"strict" : false
				},
				{
					"name" : "inSelect[0]",
					"strict" : false
				},
				{
					"name" : "outButton[1]",
					"strict" : false
				},
				{
					"name" : "inSelect[1]",
					"strict" : false
				},
				{
					"name" : "outButton[2]",
					"strict" : false
				},
				{
					"name" : "outButton[3]",
					"strict" : false
				},
				{
					"name" : "outButton[4]",
					"strict" : false
				},
				{
					"name" : "inSelect[2]",
					"strict" : false
				},
				{
					"name" : "inSelect[3]",
					"strict" : false
				},
				{
					"name" : "outButton[5]",
					"strict" : false
				},
				{
					"name" : "clk50MHz",
					"strict" : false
				},
				{
					"name" : "open",
					"strict" : false
				},
				{
					"name" : "close",
					"strict" : false
				}
			]
		}
	]
}